<?xml version="1.0" encoding="utf-8" standalone="yes" ?>
<?xml-stylesheet type="text/xsl" href="modx.prosilver.en.xsl"?>
<!--For security purposes, please check: http://www.phpbb.com/mods/ for the latest version of this MOD. Although MODs are checked before being allowed in the MODs Database there is no guarantee that there are no security problems within the MOD. No support will be given for MODs not found within the MODs Database which can be found at http://www.phpbb.com/mods/ -->
<mod xmlns:xsi="http://www.w3.org/2001/XMLSchema-instance" xmlns="http://www.phpbb.com/mods/xml/modx-1.0.1.xsd">
	<header>
		<license>http://opensource.org/licenses/gpl-license.php GNU General Public License v2</license>
		<title lang="en">Global Announcements</title>
		<description lang="en">Adds global announcements to home page and viewtopic, can be switched off/on in the ACP</description>
		<author-notes lang="en">Pretty simple really, takes the exisitng global announcements provided and displays them in other places :-) - Thanks to DavidMJ for a bit of Problem Solving</author-notes>

		<author-group>
			<author>
				<realname>Barry Carlyon</realname>
				<username>barrycarlyon</username>
				<email>barry@barrycarlyon.co.uk</email>
				<homepage>http://www.barrycarlyon.co.uk/</homepage>
			</author>
		</author-group>
		<mod-version>
			<major>2</major>

			<minor>0</minor>
			<revision>0</revision>
			<release>g</release>
		</mod-version>
		<installation>
			<level>easy</level>
			<time>600</time>

			<target-version>
				<target-primary>3.0.0</target-primary>
				<target-major allow="exact">3</target-major>
				<target-minor allow="after">0</target-minor>
				<target-release allow="exact">STABLE</target-release>
			</target-version>
		</installation>
		<history>
			<entry>
				<date>2008-03-22</date>
				<rev-version>
					<major>2</major>
					<minor>0</minor>
					<revision>0</revision>
					<release>g</release>
				</rev-version>
				<changelog lang="en">
					<change>Validation</change>
					<change>Bug Fixing</change>
				</changelog>
			</entry>
			<entry>
				<date>2008-03-01</date>
				<rev-version>
					<major>2</major>
					<minor>0</minor>
					<revision>0</revision>
					<release>f</release>
				</rev-version>
				<changelog lang="en">
					<change>Validation</change>
				</changelog>
			</entry>
			<entry>
				<date>2008-02-18</date>
				<rev-version>
					<major>2</major>
					<minor>0</minor>
					<revision>0</revision>
					<release>f</release>
				</rev-version>
				<changelog lang="en">
					<change>Validation</change>
					<change>Topic Tracking SQL leak patched for when no global topics/one topic when reading</change>
					<change>Template patch supplied by Ashok - prosilver</change>
					<change>Subsilver2 xsl location</change>
				</changelog>
			</entry>
			<entry>
				<date>2008-02-10</date>
				<rev-version>
					<major>2</major>
					<minor>0</minor>
					<revision>0</revision>
					<release>e</release>
				</rev-version>
				<changelog lang="en">
					<change>Validation Requirement</change>
					<change>sql glitch</change>
				</changelog>
			</entry>
			<entry>
				<date>2008-02-09</date>
				<rev-version>
					<major>2</major>
					<minor>0</minor>
					<revision>0</revision>
					<release>d</release>
				</rev-version>
				<changelog lang="en">
					<change>Validation Requirement</change>
					<change>fixed php typo thanks to ashok for spotting</change>
				</changelog>
			</entry>
			<entry>
				<date>2008-02-09</date>
				<rev-version>
					<major>2</major>
					<minor>0</minor>
					<revision>0</revision>
					<release>c</release>
				</rev-version>
				<changelog lang="en">
					<change>Validation Requirement</change>
					<change>Put Subsilver2 edits in templates file</change>
				</changelog>
			</entry>
			<entry>
				<date>2007-12-28</date>
				<rev-version>
					<major>2</major>
					<minor>0</minor>
					<revision>0</revision>
					<release>b</release>
				</rev-version>
				<changelog lang="en">
					<change>Complete ReWrite for phpBB 3 Gold, and for less file modifications</change>
					<change>Spelling correction to admin system lang vars thanks to Wayne Harrison</change>
					<change>Validation Stable to 0</change>
				</changelog>
			</entry>
			<entry>
				<date>2007-07-07</date>
				<rev-version>
					<major>1</major>
					<minor>0</minor>
					<revision>0</revision>
					<release>d</release>

				</rev-version>
				<changelog lang="en">
					<change>DavidMJ suggested a load reducing toy, much thanks</change>
				</changelog>
			</entry>
			<entry>
				<date>2007-07-07</date>
				<rev-version>
					<major>1</major>
					<minor>0</minor>
					<revision>0</revision>
					<release>c</release>

				</rev-version>
				<changelog lang="en">
					<change>Was bored so I fixed the subforum display bug</change>
				</changelog>
			</entry>
			<entry>
				<date>2007-07-07</date>
				<rev-version>
					<major>1</major>
					<minor>0</minor>
					<revision>0</revision>
					<release>b</release>

				</rev-version>
				<changelog lang="en">
					<change>Lang Typo</change>
				</changelog>
			</entry>
			<entry>
				<date>2007-07-07</date>
				<rev-version>
					<major>1</major>
					<minor>0</minor>
					<revision>0</revision>
					<release>a</release>

				</rev-version>
				<changelog lang="en">
					<change>Initial Release</change>
				</changelog>
			</entry>
		</history>
	</header>
	<action-group>
		<sql><![CDATA[INSERT INTO phpbb_config(config_name,config_value,is_dynamic) VALUES ('load_global_announcements_home','0','1');]]></sql>
		<sql><![CDATA[INSERT INTO phpbb_config(config_name,config_value,is_dynamic) VALUES ('load_global_announcements_topic','0','1');]]></sql>
		<open src="index.php">
			<edit>
				<find><![CDATA[$user->setup('viewforum');]]></find>
				<action type="after-add"><![CDATA[//global announcements
$user->add_lang('mcp');]]></action>
			</edit>
		</open>
		<open src="viewtopic.php">
			<edit>
				<find><![CDATA[$user->setup('viewtopic', $topic_data['forum_style']);]]></find>
				<action type="after-add"><![CDATA[//global annoucements
$user->add_lang('mcp');]]></action>
				<find><![CDATA[$topic_data['topic_title'] = censor_text($topic_data['topic_title']);]]></find>
				<action type="after-add"><![CDATA[//global_announcements
global_announcements();]]></action>
			</edit>
		</open>
		
		
		<open src="includes/functions_display.php">
			<edit>
				<find><![CDATA[	// Grab moderators ... if necessary
	if ($display_moderators)
	{
		if ($return_moderators)
		{
			$forum_ids_moderator[] = $root_data['forum_id'];
		}
		get_moderators($forum_moderators, $forum_ids_moderator);
	}]]></find>
				<action type="after-add"><![CDATA[	//global_announcements
	global_announcements();]]></action>
				<find><![CDATA[?>]]></find>
				<action type="before-add"><![CDATA[//global announcements... obv.
function global_announcements()
{
	global $db, $auth, $user, $template;
	global $phpbb_root_path, $phpEx, $config;
	global $cache, $topic_id;
	//need to know what page we are on....
	$page = str_replace('.' . $phpEx, '', $user->page['page_name']);
	if (($page == 'index' && $config['load_global_announcements_home']) || ($page == 'viewtopic' && $config['load_global_announcements_topic']))
	{
		//this template varible is only used to see if we should include forumlist_body on viewtopic_body (.html)
		$template->assign_var('S_HAS_GLOBAL', true);
		//so we are on the index or viewtopic page and we are enabled lets get the global announcements
		$sql = 'SELECT *
			FROM ' . TOPICS_TABLE . '
			WHERE forum_id = ' . FORUM_CAT . ' AND topic_type = ' . POST_GLOBAL;
		if ($user->page['page_name'] == 'viewtopic.' . $phpEx)
		{
			//exclude the current topic, say if we are viewing it...
			$sql .= ' AND topic_id != ' . $topic_id;
		}
		$sql .= ' ORDER BY topic_time DESC';
		//order by original creation user topic_last_post_time for last commente
		$result = $db->sql_query($sql);
		$first_time_flag = 0;
		
		$topic_list = $global_announce_list = array();
		//generate items for tracking
		while ($row = $db->sql_fetchrow($result))
		{
			$topic_list[] = $row['topic_id'];
			$global_announce_list[$row['topic_id']] = '1';
		}
		$db->sql_freeresult($result);
		//tracking setup
		//sql hack to bypass the no f=0 topics...
		if (sizeof($topic_list))
		{
			$topic_tracking_info = get_complete_topic_tracking(0, $topic_list, $global_announce_list);
		}
		//regen
		$result = $db->sql_query($sql);

		$s_category = TRUE;
		while ($row = $db->sql_fetchrow($result))
		{
			//is this the first time thru? if so we need a category...
			//genny a catergory :-)
			//highway of live mod no work, always gennys cats (under prosilver anyway)
			if ($s_category)
			{
				$template->assign_block_vars('forumrow', array(
					'S_IS_CAT'			=> $s_category,
					'FORUM_ID'			=> '0',
					'FORUM_NAME'			=> $user->lang['GLOBAL_ANNOUNCEMENT'],
					'U_VIEWFORUM'			=> ''
				));
			}
			$s_category = FALSE;
			// Grab topic icons stolen form cache.php
			$icons = $cache->obtain_icons();
			
			// Get folder img, topic status/type related information and tracking/read/unread
			$unread_topic = (isset($topic_tracking_info[$row['topic_id']]) && $row['topic_last_post_time'] > $topic_tracking_info[$row['topic_id']]) ? true : false;
			$folder_img = $folder_alt = '';
			//topic_posted hack...for showing _mine images
			if ($row['topic_first_poster_name'] == $user->data['username'])
			{
				$row['topic_posted'] = true;
			}
			topic_status($row, $row['topic_replies'], $unread_topic, $folder_img, $folder_alt, $row['topic_type']);
	
			//doing first time here... so near to last time...
			$first_post_time = $user->format_date($row['topic_time']);
			// Create last post link information, if appropriate
			if ($row['topic_last_post_id'])
			{
				$last_post_subject = $row['topic_last_post_subject'];
				$last_post_time = $user->format_date($row['topic_last_post_time']);
				$last_post_url = append_sid("{$phpbb_root_path}viewtopic.$phpEx", 'f=' . $row['forum_id'] . '&amp;p=' . $row['topic_last_post_id']) . '#p' . $row['topic_last_post_id'];
			}
			else
			{
				$last_post_subject = $last_post_time = $last_post_url = '';
			}
			//most of the block varibles used forum var names but topic equiv to save mods to forumlist_body.html
			$template->assign_block_vars('forumrow', array(
				'S_IS_CAT'			=> false,
				'S_NO_CAT'			=> false,
				'S_IS_LINK'			=> false,
				'S_UNREAD_FORUM'	=> true,//need to tweak
				'S_LOCKED_FORUM'	=> false,
				'S_SUBFORUMS'		=> false,
				'FORUM_ID'				=> $row['forum_id'],
				'FORUM_NAME'			=> $row['topic_title'],
				//hijack!!
				'FORUM_DESC'			=> $user->lang['POST_BY_AUTHOR'] . ' ' . get_username_string('full', $row['topic_poster'], $row['topic_first_poster_name'], $row['topic_first_poster_colour']) . ' ' . $user->lang['POSTED_ON_DATE'] . ' ' . $first_post_time,
				'TOPICS'				=> $row['topic_replies'],
				'POSTS'					=> $row['topic_views'],
				//note topics = replies and posts = views...
				'FORUM_FOLDER_IMG'		=> $user->img($folder_img, $folder_alt),
				'FORUM_FOLDER_IMG_SRC'	=> $user->img($folder_img, $folder_alt, false, '', 'src'),
				//need to generate these
				'LAST_POST_SUBJECT'		=> censor_text($last_post_subject),
				'LAST_POST_TIME'		=> $last_post_time,
				'LAST_POSTER'			=> get_username_string('username', $row['topic_last_poster_id'], $row['topic_last_poster_name'], $row['topic_last_poster_colour']),
				'LAST_POSTER_COLOUR'	=> get_username_string('colour', $row['topic_last_poster_id'], $row['topic_last_poster_name'], $row['topic_last_poster_colour']),
				'LAST_POSTER_FULL'		=> get_username_string('full', $row['topic_last_poster_id'], $row['topic_last_poster_name'], $row['topic_last_poster_colour']),
	
				'U_VIEWFORUM'		=> append_sid("{$phpbb_root_path}viewtopic.$phpEx", 'f=' . $row['forum_id'] . '&amp;t=' . $row['topic_id']),
				'U_LAST_POSTER'		=> get_username_string('profile', $row['topic_last_poster_id'], $row['topic_last_poster_name'], $row['topic_last_poster_colour']),
				'U_LAST_POST'		=> $last_post_url,
					
				//EXTRA
				'TOPIC_AUTHOR'				=> get_username_string('username', $row['topic_poster'], $row['topic_first_poster_name'], $row['topic_first_poster_colour']),
				'TOPIC_AUTHOR_COLOUR'		=> get_username_string('colour', $row['topic_poster'], $row['topic_first_poster_name'], $row['topic_first_poster_colour']),
				'TOPIC_AUTHOR_FULL'			=> get_username_string('full', $row['topic_poster'], $row['topic_first_poster_name'], $row['topic_first_poster_colour']),
				'FIRST_POST_TIME'			=> $user->format_date($row['topic_time']),
				'TOPIC_FOLDER_IMG_ALT'	=> $user->lang[$folder_alt],
				'TOPIC_ICON_IMG'		=> (!empty($icons[$row['icon_id']])) ? $icons[$row['icon_id']]['img'] : '',
				'TOPIC_ICON_IMG_WIDTH'	=> (!empty($icons[$row['icon_id']])) ? $icons[$row['icon_id']]['width'] : '',
				'TOPIC_ICON_IMG_HEIGHT'	=> (!empty($icons[$row['icon_id']])) ? $icons[$row['icon_id']]['height'] : '',
				'ATTACH_ICON_IMG'		=> ($auth->acl_get('u_download') && $auth->acl_get('f_download', $forum_id) && $row['topic_attachment']) ? $user->img('icon_topic_attach', $user->lang['TOTAL_ATTACHMENTS']) : ''
				)
			);
		}
		$db->sql_freeresult($result);
	}
	return;
}
]]></action>
			</edit>
		</open>


		<open src="includes/acp/acp_board.php">
			<edit>
				<find><![CDATA[						'load_cpf_viewtopic'	=> array('lang' => 'LOAD_CPF_VIEWTOPIC',	'validate' => 'bool',	'type' => 'radio:yes_no', 'explain' => false),]]></find>
				<action type="after-add"><![CDATA[						'load_global_announcements_home'	=> array('lang'	=> 'LOAD_GLOBAL_ANNOUNCEMENTS_HOME',	'validate' => 'bool',	'type' => 'radio:yes_no', 'explain' => false),
						'load_global_announcements_topic'	=> array('lang'	=> 'LOAD_GLOBAL_ANNOUNCEMENTS_TOPIC',	'validate' => 'bool',	'type' => 'radio:yes_no', 'explain' => false),]]></action>
			</edit>
		</open>
		<open src="language/en/acp/board.php">
			<edit>
				<find><![CDATA[	'LOAD_CPF_VIEWTOPIC'			=> 'Display custom profile fields on topic pages',]]></find>
				<action type="before-add"><![CDATA[
	'LOAD_GLOBAL_ANNOUNCEMENTS_HOME'		=> 'Display global announcements on the Index page',
	'LOAD_GLOBAL_ANNOUNCEMENTS_TOPIC'		=> 'Display global announcements on Topic pages',]]></action>
			</edit>
		</open>

		<open src="styles/prosilver/template/forumlist_body.html">
			<edit>
				<find><![CDATA[						<dt><!-- IF forumrow.S_IS_CAT --><a href="{forumrow.U_VIEWFORUM}">{forumrow.FORUM_NAME}</a><!-- ELSE -->{L_FORUM}<!-- ENDIF --></dt>
						<dd class="topics">{L_TOPICS}</dd>
						<dd class="posts">{L_POSTS}</dd>]]></find>
				<action type="replace-with"><![CDATA[						<dt><!-- IF not forumrow.U_VIEWFORUM -->{forumrow.FORUM_NAME}<!-- ELSEIF forumrow.S_IS_CAT --><a href="{forumrow.U_VIEWFORUM}">{forumrow.FORUM_NAME}</a><!-- ELSE -->{L_FORUM}<!-- ENDIF --></dt>
						<dd class="topics"><!-- IF S_HAS_GLOBAL and not forumrow.U_VIEWFORUM -->{L_REPLIES}<!-- ELSE -->{L_TOPICS}<!-- ENDIF --></dd>
						<dd class="posts"><!-- IF S_HAS_GLOBAL and not forumrow.U_VIEWFORUM -->{L_VIEWS}<!-- ELSE -->{L_POSTS}<!-- ENDIF --></dd>]]></action>
				<find><![CDATA[	<!-- IF not forumrow.S_IS_CAT -->
		<li class="row">
			<dl class="icon" style="background-image: url({forumrow.FORUM_FOLDER_IMG_SRC}); background-repeat: no-repeat;">
				<dt>]]></find>
				<inline-edit>
					<inline-find><![CDATA[<dt>]]></inline-find>
					<inline-action type="replace-with"><![CDATA[				<dt<!-- IF forumrow.TOPIC_ICON_IMG --> style="background-image: url({T_ICONS_PATH}{forumrow.TOPIC_ICON_IMG}); background-repeat: no-repeat;"<!-- ENDIF --><!-- IF forumrow.TOPIC_FOLDER_IMG_ALT --> title="{forumrow.TOPIC_FOLDER_IMG_ALT}"<!-- ENDIF -->>]]></inline-action>
				</inline-edit>
				<find><![CDATA[						<!-- IF forumrow.LAST_POST_TIME --><dfn>{L_LAST_POST}</dfn> {L_POST_BY_AUTHOR} {forumrow.LAST_POSTER_FULL}]]></find>
				<action type="replace-with"><![CDATA[						<!-- IF forumrow.LAST_POST_TIME --><dfn>{L_LAST_POST}</dfn> <!-- IF forumrow.ATTACH_ICON_IMG -->{forumrow.ATTACH_ICON_IMG} <!-- ENDIF -->{L_POST_BY_AUTHOR} {forumrow.LAST_POSTER_FULL}]]></action>
			</edit>
		</open>
		<open src="styles/prosilver/template/viewtopic_body.html">
			<edit>
				<find><![CDATA[<!-- IF U_MCP --><p>[&nbsp;<a href="{U_MCP}">{L_MCP}</a>&nbsp;]</p><!-- ENDIF -->]]></find>
				<action type="after-add"><![CDATA[<!-- IF S_HAS_GLOBAL -->
	<!-- INCLUDE forumlist_body.html -->
<!-- ENDIF -->]]></action>
			</edit>
		</open>

		<diy-instructions lang="en-gb"><![CDATA[Refresh you Style/s, and clear your cache, set your settings]]></diy-instructions>
	</action-group>
</mod>
