/*
  Basic DB data for Attachment Mod - mssql

  $Id: attach_mssql_basic.sql,v 1.15 2005/07/16 14:32:27 acydburn Exp $

*/

BEGIN TRANSACTION;

/* -- attachments_config */
INSERT INTO phpbb_attachments_config (config_name, config_value) VALUES ('upload_dir','files');
INSERT INTO phpbb_attachments_config (config_name, config_value) VALUES ('upload_img','images/icon_clip.gif');
INSERT INTO phpbb_attachments_config (config_name, config_value) VALUES ('topic_icon','images/icon_clip.gif');
INSERT INTO phpbb_attachments_config (config_name, config_value) VALUES ('display_order','0');

INSERT INTO phpbb_attachments_config (config_name, config_value) VALUES ('max_filesize','262144');
INSERT INTO phpbb_attachments_config (config_name, config_value) VALUES ('attachment_quota','52428800');
INSERT INTO phpbb_attachments_config (config_name, config_value) VALUES ('max_filesize_pm','262144');

INSERT INTO phpbb_attachments_config (config_name, config_value) VALUES ('max_attachments','3');
INSERT INTO phpbb_attachments_config (config_name, config_value) VALUES ('max_attachments_pm','1');

INSERT INTO phpbb_attachments_config (config_name, config_value) VALUES ('disable_mod','0');
INSERT INTO phpbb_attachments_config (config_name, config_value) VALUES ('allow_pm_attach','1');
INSERT INTO phpbb_attachments_config (config_name, config_value) VALUES ('attachment_topic_review','0');
INSERT INTO phpbb_attachments_config (config_name, config_value) VALUES ('allow_ftp_upload','0');
INSERT INTO phpbb_attachments_config (config_name, config_value) VALUES ('show_apcp','0');
INSERT INTO phpbb_attachments_config (config_name, config_value) VALUES ('attach_version','2.3.14');
INSERT INTO phpbb_attachments_config (config_name, config_value) VALUES ('default_upload_quota', '0');
INSERT INTO phpbb_attachments_config (config_name, config_value) VALUES ('default_pm_quota', '0');

INSERT INTO phpbb_attachments_config (config_name, config_value) VALUES ('ftp_server','');
INSERT INTO phpbb_attachments_config (config_name, config_value) VALUES ('ftp_path','');
INSERT INTO phpbb_attachments_config (config_name, config_value) VALUES ('download_path','');
INSERT INTO phpbb_attachments_config (config_name, config_value) VALUES ('ftp_user','');
INSERT INTO phpbb_attachments_config (config_name, config_value) VALUES ('ftp_pass','');
INSERT INTO phpbb_attachments_config (config_name, config_value) VALUES ('ftp_pasv_mode','1');

INSERT INTO phpbb_attachments_config (config_name, config_value) VALUES ('img_display_inlined','1');
INSERT INTO phpbb_attachments_config (config_name, config_value) VALUES ('img_max_width','0');
INSERT INTO phpbb_attachments_config (config_name, config_value) VALUES ('img_max_height','0');
INSERT INTO phpbb_attachments_config (config_name, config_value) VALUES ('img_link_width','0');
INSERT INTO phpbb_attachments_config (config_name, config_value) VALUES ('img_link_height','0');
INSERT INTO phpbb_attachments_config (config_name, config_value) VALUES ('img_create_thumbnail','0');
INSERT INTO phpbb_attachments_config (config_name, config_value) VALUES ('img_min_thumb_filesize','12000');
INSERT INTO phpbb_attachments_config (config_name, config_value) VALUES ('img_imagick', '');
INSERT INTO phpbb_attachments_config (config_name, config_value) VALUES ('use_gd2','0');

INSERT INTO phpbb_attachments_config (config_name, config_value) VALUES ('wma_autoplay','0');

INSERT INTO phpbb_attachments_config (config_name, config_value) VALUES ('flash_autoplay','0');

/* -- forbidden_extensions */
SET IDENTITY_INSERT phpbb_forbidden_extensions ON;

INSERT INTO phpbb_forbidden_extensions (ext_id, extension) VALUES (1,'php');
INSERT INTO phpbb_forbidden_extensions (ext_id, extension) VALUES (2,'php3');
INSERT INTO phpbb_forbidden_extensions (ext_id, extension) VALUES (3,'php4');
INSERT INTO phpbb_forbidden_extensions (ext_id, extension) VALUES (4,'phtml');
INSERT INTO phpbb_forbidden_extensions (ext_id, extension) VALUES (5,'pl');
INSERT INTO phpbb_forbidden_extensions (ext_id, extension) VALUES (6,'asp');
INSERT INTO phpbb_forbidden_extensions (ext_id, extension) VALUES (7,'cgi');

SET IDENTITY_INSERT phpbb_forbidden_extensions OFF;

/* -- extension_groups */
SET IDENTITY_INSERT phpbb_extension_groups ON;

INSERT INTO phpbb_extension_groups (group_id, group_name, cat_id, allow_group, download_mode, upload_icon, max_filesize, forum_permissions) VALUES (1,'Images',1,1,1,'',0,'');
INSERT INTO phpbb_extension_groups (group_id, group_name, cat_id, allow_group, download_mode, upload_icon, max_filesize, forum_permissions) VALUES (2,'Archives',0,1,1,'',0,'');
INSERT INTO phpbb_extension_groups (group_id, group_name, cat_id, allow_group, download_mode, upload_icon, max_filesize, forum_permissions) VALUES (3,'Plain Text',0,0,1,'',0,'');
INSERT INTO phpbb_extension_groups (group_id, group_name, cat_id, allow_group, download_mode, upload_icon, max_filesize, forum_permissions) VALUES (4,'Documents',0,0,1,'',0,'');
INSERT INTO phpbb_extension_groups (group_id, group_name, cat_id, allow_group, download_mode, upload_icon, max_filesize, forum_permissions) VALUES (5,'Real Media',0,0,2,'',0,'');
INSERT INTO phpbb_extension_groups (group_id, group_name, cat_id, allow_group, download_mode, upload_icon, max_filesize, forum_permissions) VALUES (6,'Streams',2,0,1,'',0,'');
INSERT INTO phpbb_extension_groups (group_id, group_name, cat_id, allow_group, download_mode, upload_icon, max_filesize, forum_permissions) VALUES (7,'Flash Files',3,0,1,'',0,'');

SET IDENTITY_INSERT phpbb_extension_groups OFF;

/* -- extensions */
SET IDENTITY_INSERT phpbb_extensions ON;

INSERT INTO phpbb_extensions (ext_id, group_id, extension, comment) VALUES (1, 1,'gif', '');
INSERT INTO phpbb_extensions (ext_id, group_id, extension, comment) VALUES (2, 1,'png', '');
INSERT INTO phpbb_extensions (ext_id, group_id, extension, comment) VALUES (3, 1,'jpeg', '');
INSERT INTO phpbb_extensions (ext_id, group_id, extension, comment) VALUES (4, 1,'jpg', '');
INSERT INTO phpbb_extensions (ext_id, group_id, extension, comment) VALUES (5, 1,'tif', '');
INSERT INTO phpbb_extensions (ext_id, group_id, extension, comment) VALUES (6, 1,'tga', '');
INSERT INTO phpbb_extensions (ext_id, group_id, extension, comment) VALUES (7, 2,'gtar', '');
INSERT INTO phpbb_extensions (ext_id, group_id, extension, comment) VALUES (8, 2,'gz', '');
INSERT INTO phpbb_extensions (ext_id, group_id, extension, comment) VALUES (9, 2,'tar', '');
INSERT INTO phpbb_extensions (ext_id, group_id, extension, comment) VALUES (10, 2,'zip', '');
INSERT INTO phpbb_extensions (ext_id, group_id, extension, comment) VALUES (11, 2,'rar', '');
INSERT INTO phpbb_extensions (ext_id, group_id, extension, comment) VALUES (12, 2,'ace', '');
INSERT INTO phpbb_extensions (ext_id, group_id, extension, comment) VALUES (13, 3,'txt', '');
INSERT INTO phpbb_extensions (ext_id, group_id, extension, comment) VALUES (14, 3,'c', '');
INSERT INTO phpbb_extensions (ext_id, group_id, extension, comment) VALUES (15, 3,'h', '');
INSERT INTO phpbb_extensions (ext_id, group_id, extension, comment) VALUES (16, 3,'cpp', '');
INSERT INTO phpbb_extensions (ext_id, group_id, extension, comment) VALUES (17, 3,'hpp', '');
INSERT INTO phpbb_extensions (ext_id, group_id, extension, comment) VALUES (18, 3,'diz', '');
INSERT INTO phpbb_extensions (ext_id, group_id, extension, comment) VALUES (19, 4,'xls', '');
INSERT INTO phpbb_extensions (ext_id, group_id, extension, comment) VALUES (20, 4,'doc', '');
INSERT INTO phpbb_extensions (ext_id, group_id, extension, comment) VALUES (21, 4,'dot', '');
INSERT INTO phpbb_extensions (ext_id, group_id, extension, comment) VALUES (22, 4,'pdf', '');
INSERT INTO phpbb_extensions (ext_id, group_id, extension, comment) VALUES (23, 4,'ai', '');
INSERT INTO phpbb_extensions (ext_id, group_id, extension, comment) VALUES (24, 4,'ps', '');
INSERT INTO phpbb_extensions (ext_id, group_id, extension, comment) VALUES (25, 4,'ppt', '');
INSERT INTO phpbb_extensions (ext_id, group_id, extension, comment) VALUES (26, 5,'rm', '');
INSERT INTO phpbb_extensions (ext_id, group_id, extension, comment) VALUES (27, 6,'wma', '');
INSERT INTO phpbb_extensions (ext_id, group_id, extension, comment) VALUES (28, 7,'swf', '');

SET IDENTITY_INSERT phpbb_extensions OFF;

/* -- default quota limits */

SET IDENTITY_INSERT phpbb_quota_limits ON;

INSERT INTO phpbb_quota_limits (quota_limit_id, quota_desc, quota_limit) VALUES (1, 'Low', 262144);
INSERT INTO phpbb_quota_limits (quota_limit_id, quota_desc, quota_limit) VALUES (2, 'Medium', 2097152);
INSERT INTO phpbb_quota_limits (quota_limit_id, quota_desc, quota_limit) VALUES (3, 'High', 5242880);

SET IDENTITY_INSERT phpbb_quota_limits OFF;

COMMIT;
