<?xml version="1.0" encoding="utf-8" standalone="yes"?>
<?xml-stylesheet type="text/xsl" href="modx.prosilver.en.xsl"?>
<!--For security purposes, please check: http://www.phpbb.com/mods/ for the latest version of this MOD. Although MODs are checked before being allowed in the MODs Database there is no guarantee that there are no security problems within the MOD. No support will be given for MODs not found within the MODs Database which can be found at http://www.phpbb.com/mods/-->
<mod xmlns:xsi="http://www.w3.org/2001/XMLSchema-instance" xmlns="http://www.phpbb.com/mods/xml/modx-1.0.1.xsd">
  <header>
    <license>http://opensource.org/licenses/gpl-license.php GNU General Public License v2</license>
    <title lang="en">Ban users by x warnings</title>
    <description lang="en">Ban a user by x warnings.</description>
    <author-group>
      <author>
        <realname>Paul Sohier</realname>
        <email>mods@paulscripts.nl</email>
        <username>paul</username>
        <homepage>http://www.paulscripts.nl/</homepage>
        <contributions />
      </author>
    </author-group>
    <mod-version>
      <major>1</major>
      <minor>0</minor>
      <revision>0</revision>
    </mod-version>
    <installation>
      <level>easy</level>
      <time>354</time>
      <target-version>
        <target-primary>3.0.RC7</target-primary>
        <target-major allow="exact">3</target-major>
        <target-minor allow="exact">0</target-minor>
      </target-version>
    </installation>
    <history>
      <entry>
        <date>2007-05-22</date>
        <rev-version>
          <major>0</major>
          <minor>0</minor>
          <revision>1</revision>
        </rev-version>
        <changelog lang="en">
          <change>First release.</change>
        </changelog>
      </entry>
      
      <entry>
        <date>2007-10-19</date>
        <rev-version>
          <major>1</major>
          <minor>0</minor>
          <revision>0</revision>
        </rev-version>
        <changelog lang="en">
          <change>Fixed wrong lang entry</change>
          <change>Fixed sql error</change>
          <change>updated for RC7</change>
        </changelog>
      </entry>
    </history>
    <meta name="generator" content="Phpbb.ModTeam.Tools (c#)" />
  </header>
  <action-group>
    <sql>
    INSERT INTO phpbb_config (config_name, config_value) VALUES ('warnings_ban', 3);
    INSERT INTO phpbb_config (config_name, config_value) VALUES ('warnings_ban_expire', 1440);
    </sql>
    <open src="includes/acp/acp_board.php">
      <edit>
        <find><![CDATA['warnings_expire_days'	=> array('lang' => 'WARNINGS_EXPIRE',		'validate' => 'int',	'type' => 'text:3:4', 'explain' => true, 'append' => ' ' . $user->lang['DAYS']),]]></find>
        <action type="after-add"><![CDATA[						'warnings_ban'			=> array('lang'	=> 'WARNINGS_BAN',			'validate' => 'int',	'type' => 'text:3:4', 'explain'	=> true, 'append' => ' ' . $user->lang['WARNINGS']),
						'warnings_ban_expire'	=> array('lang'	=> 'WARNINGS_BAN_EXPIRE',	'validate' => 'int',	'type' => 'text:3:4', 'explain'	=> true, 'append' => ' ' . $user->lang['MINUTES']),]]></action>
      </edit>
    </open>
    <open src="includes/mcp/mcp_warn.php">
      <edit>
        <find>add_log('mod', $row['forum_id'], $row['topic_id'], 'LOG_USER_WARNING', $user_row['username']);</find>
        <action type="after-add"><![CDATA[	$user_row['user_warnings']++;
	
	if ($user_row['user_warnings'] >= $config['warnings_ban'])
	{
		//User has reached maximum number of warnings, and will be banned.
		if(!function_exists('user_ban'))
		{
			include("{$phpbb_root_path}includes/functions_user.$phpEx");
		}

		user_ban('user', array($user_row['username']), $config['warnings_ban_expire'], false, 0, $user->lang['AUTO_WARN_BAN']);
	}]]></action>
      </edit>
    </open>
    <open src="language/en/mcp.php">
      <edit>
        <find><![CDATA['APPROVE_POSTS_CONFIRM'	=> ']]></find>
        <action type="after-add"><![CDATA['AUTO_WARN_BAN'	=> 'User has reached maximum warnings, and has been automaticly banned.',]]></action>
      </edit>
    </open>
    <open src="language/en/acp/board.php">
      <edit>
        <find><![CDATA['WARNINGS_EXPIRE_EXPLAIN'		=> ']]></find>
        <action type="before-add"><![CDATA[	'WARNINGS_BAN'					=> 'Numbers of warnings before users will be banned',
	'WARNINGS_BAN_EXPLAIN'			=> 'Numbers of warnings before users will be automatically banned.',
	'WARNINGS_BAN_EXPIRE'			=> 'Expire time for automatic bans',
	'WARNINGS_BAN_EXPIRE_EXPLAIN'	=> 'The time (In minutes) that the automatic ban by x warnings expires.',]]></action>
      </edit>
    </open>
  </action-group>
</mod>
